<?xml version="1.0" encoding="UTF-8"?>
<Configuration status="WARN" monitorInterval="30">
    <Properties>
        <Property name="LOG_PATTERN">%d{YYYY-MM-dd'T'HH:mm:ss.SSSZ} %p %m%n</Property>
        <Property name="APP_LOG_ROOT">C:\Users\smita\Desktop\ProjectXFA\logs</Property>
    </Properties>
    <Appenders>
        <Console name="file" target="SYSTEM_OUT" follow="true">
            <PatternLayout pattern="${LOG_PATTERN}" />
        </Console>
 
        <RollingFile name="appLog"
            fileName="${APP_LOG_ROOT}/logs/RPDA_XFACovid19.log"
            filePattern="${APP_LOG_ROOT}/logs/RPDA_XFACovid19-%d{yyyy-MM-dd}-%i.log">
            <PatternLayout pattern="${LOG_PATTERN}" />
            <Policies>
                <OnStartupTriggeringPolicy />
                <SizeBasedTriggeringPolicy size="10 MB" />
                <TimeBasedTriggeringPolicy />
            </Policies>
           <!--  <DefaultRolloverStrategy max="2" /> -->
        </RollingFile>
 
    </Appenders>
    <Loggers>
 
        <Logger name="com.lti" additivity="false">
            <AppenderRef ref="appLog" />
            <AppenderRef ref="file" />
        </Logger>
 
        <Root level="debug">
            <AppenderRef ref="file" />
            <AppenderRef ref="appLog" />
        </Root>
    </Loggers>
</Configuration>